{
  "SampleID": "Sample_POC_Val_0",
  "EBM_Ghost_Peak_Detection": {
    "Global_Energy": -1.4754637479782104,
    "Ghost_Peak_Detected": false,
    "Patch_Energies": {
      "Aliphatic": -0.7073964476585388,
      "Carbohydrate": -0.5095318555831909,
      "Aromatic": -0.2585354447364807
    }
  },
  "Matching_Results": {
    "Glucose": {
      "HybridScore": 0.6191704728397806,
      "PeakAssignment": 0.23809523809523808,
      "DTWSimilarity": 0.9925112303116381,
      "EBMConfidence": 0.8232434254392503
    },
    "Glutamate": {
      "HybridScore": 0.5981284765873396,
      "PeakAssignment": 0.19047619047619047,
      "DTWSimilarity": 0.9936157308148681,
      "EBMConfidence": 0.8232434254392503
    },
    "Lysine": {
      "HybridScore": 0.5768275391385806,
      "PeakAssignment": 0.14285714285714285,
      "DTWSimilarity": 0.9939803993286181,
      "EBMConfidence": 0.8232434254392503
    },
    "Choline": {
      "HybridScore": 0.5767298878408516,
      "PeakAssignment": 0.14285714285714285,
      "DTWSimilarity": 0.9937013956208208,
      "EBMConfidence": 0.8232434254392503
    },
    "Leucine": {
      "HybridScore": 0.5767218418243951,
      "PeakAssignment": 0.14285714285714285,
      "DTWSimilarity": 0.9936784070023739,
      "EBMConfidence": 0.8232434254392503
    },
    "Myo_inositol": {
      "HybridScore": 0.5553268534443886,
      "PeakAssignment": 0.09523809523809523,
      "DTWSimilarity": 0.9937743585697019,
      "EBMConfidence": 0.8232434254392503
    },
    "Glycine": {
      "HybridScore": 0.5339074721995358,
      "PeakAssignment": 0.047619047619047616,
      "DTWSimilarity": 0.9938006162374697,
      "EBMConfidence": 0.8232434254392503
    },
    "Cysteine": {
      "HybridScore": 0.5338939546910925,
      "PeakAssignment": 0.047619047619047616,
      "DTWSimilarity": 0.9937619947847743,
      "EBMConfidence": 0.8232434254392503
    },
    "Tryptophan": {
      "HybridScore": 0.5335119228764571,
      "PeakAssignment": 0.047619047619047616,
      "DTWSimilarity": 0.9926704753143873,
      "EBMConfidence": 0.8232434254392503
    }
  }
}